"term","estimate","std.error","statistic","p.value","conf.low","conf.high"
"(Intercept)",-19.5458,1.797,-10.8770806518316,0,-23.1142,-15.9773
"treatmentB",35.7223,0.7791,45.8525135731851,0,34.1752,37.2694
"treatmentC",34.3395,0.7189,47.7696057878886,0,32.912,35.767
"age",1.6509,0.0512,32.2543541559409,0,1.5493,1.7526
"sexmale",0.7092,0.6161,1.15112876205257,0.2526,-0.5142,1.9326
