"contrast","estimate","SE","df","t.ratio","p.value"
"A - B",-35.7223,0.7791,93,-45.8525135731851,0
"A - C",-34.3395,0.7189,93,-47.7696057878886,0
"B - C",1.3829,0.7714,93,1.79261095444933,0.1777
