"term","estimate","std.error","statistic","p.value","conf.low","conf.high"
"(Intercept)",0,1.74401073086926,-4.84606798739156,0,0,0.005
"treatmentB",0.975,0.65388914174712,-0.0382791415761827,0.9695,0.266,3.534
"treatmentC",0.715,0.608092226234292,-0.552776236460274,0.5804,0.213,2.37
"age",1.303,0.0528109813028259,5.0073269599188,0,1.184,1.46
"sexmale",0.488,0.543363502674147,-1.3196796742376,0.1869,0.16,1.374
