"snp","n","term","estimate","std.error","statistic","p.value","conf.low","conf.high"
"rs19486",98,"rs19486",0.262827368458613,0.412910736287243,0.636523454976904,0.526015856512689,-0.557248995003697,1.08290373192092
"rs26922",98,"rs26922",0.3367660488815,0.440080509753681,0.765237363204273,0.446088861349008,-0.537271829897165,1.21080392766016
"rs88128",98,"rs88128",0.251874458761532,0.420308910679678,0.599260335342945,0.55047218888477,-0.582895317632011,1.08664423515507
