"snp","n","term","estimate","std.error","statistic","p.value","conf.low","conf.high"
"rs91154",98,"rs91154",2.03438945407937,0.401403460066706,1.76928158814411,0.0768468944628289,0.94220015821679,4.62064516685327
"rs56579",98,"rs56579",0.780614460133265,0.423051747506317,-0.585445873901354,0.558247950851408,0.334112643146728,1.78536139518022
"rs57179",98,"rs57179",0.953751446700805,0.346775959605063,-0.136549775777951,0.891386677634202,0.48077705238698,1.90248376936664
